genre,handle,profile_url,followers,engagement_rate,avg_views,positioning,unplugs_fit
Electronic,emmakapotes,https://instagram.com/emmakapotes,37.4K,2.3%,8K-15K,Festival content creator and podcast host (@raveculturecast). Senior Community Manager at BeatBox Beverages. Insomniac Radio host.,"Top-tier fit: professional EDM community voice, trusted educator. Podcast reach for in-depth product education. Already promotes harm reduction."
Electronic,_wonderli,https://instagram.com/_wonderli,162.7K,1.8%,20K-40K,Explores the wonders of EDM. Co-owner of House of PLUR and I'm Peaking Podcast. Educational rave content.,"Excellent fit: major platform, educational focus, community leader. Natural alignment with protecting hearing while enjoying music."
Electronic,sunflowerraver,https://instagram.com/sunflowerraver,170.6K,2.2%,25K-50K,Festival fashion icon known as 'Hera'. Passionate about rave culture with 'Music is the answer' mantra.,"Strong fit: massive following, fashion-forward but authentic raver. Could position Unplugs as essential festival accessory."
Electronic,clarissatalks,https://instagram.com/clarissatalks,133.8K,1.9%,18K-35K,Bay Area traveler/raver/dreamer. Self-love advocate and 'fat goddess' body positivity influencer.,Good fit: body positivity + self-care angle aligns with hearing protection as self-love/health consciousness.
Electronic,thejamijones,https://instagram.com/thejamijones,100.6K,2.0%,15K-25K,"Festivals, modeling, dance, fitness content. Arizona-based. Also runs fitness coaching @jamiraveyfit.",Strong fit: fitness/wellness angle + festival lifestyle = health-conscious audience receptive to hearing protection.
Electronic,devinlarscheid,https://instagram.com/devinlarscheid,70K,2.5%,12K-20K,EDM/Fitness/Raves. NASM Certified Personal Trainer. Co-owner of I'm Peaking Podcast. Promotes harm reduction.,Excellent fit: explicitly promotes harm reduction at festivals. Male influencer (diversity). Health-conscious messaging perfect for Unplugs.
Electronic,thenittygrittyguide,https://instagram.com/thenittygrittyguide,56.9K,2.8%,10K-18K,"Charlotte Houareau: Music festival guides, tips & adventures. Creates practical festival content.",Top-tier fit: guide/educational content creator. Perfect for 'essential festival gear' positioning. High-intent audience.
Electronic,scarletvesper_raves,https://instagram.com/scarletvesper_raves,45K,2.4%,8K-15K,EDM/rave humor and travel content. 424K TikTok. Creates relatable rave culture content.,Good fit: humor angle could make hearing protection content fun and shareable. Cross-platform reach.
Electronic,danielletudahl,https://instagram.com/danielletudahl,32.1K,3.2%,6K-12K,EDM Content Creator known as 'DANI RAVE BESTIE'. Founder/CEO of @thelaraver. Half of @ravehaven.co.,Strong fit: 'rave bestie' positioning = trusted friend recommending gear. Business owner with professional approach.
Electronic,thecrazyravechick,https://instagram.com/thecrazyravechick,46.5K,2.1%,8K-15K,IRL Rave Mom. TikTok Shop Agency Owner by day. Community mother figure for new ravers.,"Excellent fit: 'rave mom' = protective, caring about newcomers' safety. Natural hearing protection advocate."
Electronic,bella.nuce,https://instagram.com/bella.nuce,32.9K,2.8%,5K-10K,"Music, marketing, running. Social strategy at PizzaCakeDigital. Denver/NYC based.",Good fit: marketing professional understands brand partnerships. Running + music = active lifestyle health angle.
Electronic,vibewithade,https://instagram.com/vibewithade,26K,3.5%,4K-8K,The rave guru & life coach for ravers. Creator of 'Life is a Festival'. Mentor and human design expert.,Top-tier fit: positions as life coach/guru. Hearing protection = caring for your future self. Deep community trust.
Electronic,britta_grace,https://instagram.com/britta_grace,24.3K,2.9%,4K-7K,"LA EDM content creator, spin instructor, dream life facilitator. Social media manager for @thefestivalbabes. Completely sober.","Excellent fit: SOBER raver - proves you don't need substances, just good gear. Health-conscious, professional."
Electronic,hannah.raves,https://instagram.com/hannah.raves,24.6K,3.0%,4K-8K,Welcome to my world - authentic rave content creator documenting festival adventures.,"Good fit: authentic, relatable content style. Growing following with engaged community."
Electronic,unicorn.raver,https://instagram.com/unicorn.raver,24K,2.7%,4K-7K,House & Dubstep lover. Rave Fashion Inspo and PLUR Vibes.,Good fit: fashion + music combo. Could feature Unplugs as stylish essential accessory.
Electronic,jarren_ellis,https://instagram.com/jarren_ellis,23.2K,3.3%,4K-8K,"EDM, Comedy, Raving, Tips content. Creates entertaining and educational rave content.",Strong fit: comedy + tips = perfect for making hearing protection content fun and memorable.
Electronic,brandivrse,https://instagram.com/brandivrse,25.2K,2.8%,4K-7K,Denver festival culture and EDM creator. 'I'll bring you with me to your favorite festivals.',Good fit: first-person festival POV content. Natural product placement opportunities.
Electronic,juliwubz,https://instagram.com/juliwubz,16.8K,3.4%,3K-6K,Juliana: 'Feelin whimsical'. Member of @thefestivalbabes. Festival lifestyle content.,"Good fit: whimsical/fun aesthetic, strong network connection through Festival Babes."
Electronic,partysaferwithjess,https://instagram.com/partysaferwithjess,12.4K,4.2%,2K-5K,Jess: Movement for safer dance floors. 100K+ TikTok. Featured on NBC News & Today. Philadelphia.,Top-tier fit: SAFETY FOCUSED. Mainstream media credibility. Perfect brand alignment for hearing protection.
Electronic,hurricaneraver,https://instagram.com/hurricaneraver,12.6K,3.8%,2K-4K,"40+ festivals, 150+ shows documented. Known for authentic, unfiltered rave content.",Strong fit: veteran raver = credibility. High show count = clear need for hearing protection.
Electronic,christinamontaldo,https://instagram.com/christinamontaldo,13.5K,3.5%,2K-4K,Christina: Full-Time Raver based in Tampa. Festival content creator.,Good fit: 'full-time raver' positioning shows dedication. Florida market presence.
Electronic,planetcici,https://instagram.com/planetcici,47.8K,2.4%,8K-15K,Planeta: 'Ur fav flower rave girl'. 65K TikTok. Festival ticket promoter.,"Good fit: large following, ticket promotion = highly engaged festival-goer audience."
Electronic,kyr.rated,https://instagram.com/kyr.rated,10.2K,3.6%,1.5K-3K,Krystin Nicole: Curating festival fashion looks. Inspiring unapologetic self-expression.,Good fit: fashion curation angle. Could position Unplugs as style-conscious choice.
Electronic,thecorporateraver,https://instagram.com/thecorporateraver,8.3K,4.5%,1K-2K,"Alyssa: 30-something corporate manager by day, raver by night. Documents EDM adventures.",Excellent fit: relatable professional audience. Mature demographic likely values hearing health.
Electronic,rebelindustry,https://instagram.com/rebelindustry,60.6K,2.3%,10K-18K,Sabrina: Canadian Shuffle Queen. Virtual shuffling @shuffleconnection. Toronto classes @rebels.shuffleacad.,Strong fit: shuffle instructor (not performer). Dance = hearing exposure. Teaching platform for education.
Electronic,gabbyjdavid,https://instagram.com/gabbyjdavid,309.8K,1.5%,40K-80K,Gabby David: Dancer with CRPS who found healing through rave community. Major shuffler with inspiring story.,Top-tier fit: massive following + inspiring health story. Positions hearing protection as part of holistic self-care.
Electronic,danielmacadangdang,https://instagram.com/danielmacadangdang,99K,112.7%,15K-30K,Concert photographer. Teaches concert photography (130+ students). Tour photographer.,Excellent fit: photographer NOT performer. High engagement. Constant exposure to loud music = perfect testimonial.
Electronic,chatterzphoto,https://instagram.com/chatterzphoto,25K,1.5%,4K-8K,Festival Photographer based in Salt Lake City. Available for hire.,Good fit: photographer documenting festivals. Professional who spends extended time at venues.
Electronic,kaleynelson,https://instagram.com/kaleynelson,47K,3.0%,7K-14K,Kaley Nelson: Music Photographer specializing in travel and light. Los Angeles based.,Strong fit: established music photographer. Professional credibility for gear recommendations.
Electronic,shutter.klick,https://instagram.com/shutter.klick,25K,4.1%,4K-8K,Festival photographer for hire. Currently on tour with INZO. 'I freeze time for a living.',Good fit: working festival photographer. Tour life = extended noise exposure.
Electronic,flowmayhem,https://instagram.com/flowmayhem,136.4K,1.8%,20K-40K,Sam Tobey: LA-based fire performer and rope dart artist. #1 online rope dart course.,"Good fit: flow artist at festivals (not DJ). Performs at loud events, needs hearing protection."
Electronic,hoopwithcait,https://instagram.com/hoopwithcait,32.6K,3.2%,5K-10K,Caitlin Cuevo: Hoop instructor with 100+ free tutorials for beginners.,Good fit: teaches at festivals/events. Educational platform for sharing hearing protection info.
Electronic,itssmynamee_,https://instagram.com/itssmynamee_,383K,2.0%,60K-120K,Karla: Shuffle Dance Instructor with massive following. Dance education focus.,"Top-tier fit: huge reach, dance instructor. Constant exposure to loud music while teaching/performing."
Electronic,ecruz_n,https://instagram.com/ecruz_n,666K,1.5%,100K-200K,Elena Cruz: NY/FL shuffler. Creator of @joinshufflehouse. @shuffleretreat coming 2026.,Top-tier fit: massive platform. Shuffle community leader. Business owner creating retreats.
Electronic,bassbaedaniel,https://instagram.com/bassbaedaniel,75.7K,2.4%,12K-22K,Daniel: EDM Content creator. LA-based Filipino. Festival tickets and discounts.,Strong fit: male influencer (diversity). High following with engaged community.
Electronic,kaay_christie,https://instagram.com/kaay_christie,9.8K,4.0%,1.5K-3K,Kaay: 10 years of raving experience. 40K+ TikTok. Veteran perspective.,Good fit: 10-year veteran = credibility and personal experience with hearing concerns.
Electronic,cottonkandiyt,https://instagram.com/cottonkandiyt,19.5K,2.9%,3K-6K,Cotton Kandi: Rave content creator with YouTube presence.,Good fit: YouTube + Instagram = multi-platform reach for content.
Electronic,daisy_dewdrops,https://instagram.com/daisy_dewdrops,20K,2.7%,3.5K-7K,"Daisy: EDM flower - EDM, Festival Fashion, and life content. Arizona-based.",Good fit: lifestyle + fashion angle. Local market presence in AZ festival scene.
Electronic,adriifree,https://instagram.com/adriifree,11.1K,0.6%,1K-2K,"Adrianna Freeman: EDM festival fashion, lifestyle, travel, beauty. Social media manager and model.",Good fit: multi-niche content. Professional social media understanding.
Electronic,willydonka.xo,https://instagram.com/willydonka.xo,53K,0.0%,8K-15K,Braid tutorials for all skill levels. Festival fashion inspo. Shop @rave.bodega.,Good fit: practical tutorial content. Fashion + how-to = natural gear recommendations.
Electronic,heyrosiejean,https://instagram.com/heyrosiejean,15.9K,6.0%,3K-5K,"Rosie Jean: Festival fashion, digital media creator/management. High engagement rate.",Strong fit: very high engagement (6%). Professional content creator.
Electronic,haveyoumetmadelyn,https://instagram.com/haveyoumetmadelyn,10.7K,3.4%,1.5K-3K,"Madelyn: 2027 bride, co-founder @iconikmgmt. Festival content creator.",Good fit: business-minded creator. Management company = professional partnerships.
Rock,necroshorns,https://instagram.com/necroshorns,15000,4.5%,2500,"Black metal/extreme metal photographer. Known for shooting Marduk, Archgoat, Mayhem - his work appears on album covers. Not a performer.","Perfect fit - shoots in extreme volume environments, understands hearing damage risk firsthand. Trusted voice in underground metal community."
Rock,arashtaheri,https://instagram.com/arashtaheri,22000,3.8%,3200,"Oslo-based concert photographer specializing in rock, metal, and portrait work. Shot Metallica, Kiss, Chris Cornell. Also a cat lover.",Strong fit - European rock photographer with diverse portfolio. Credible voice for hearing protection among concert photographers.
Rock,bjpapas,https://instagram.com/bjpapas,13000,5.2%,1800,"NY Hardcore and Punk Photographer 1985-2025. Shot Agnostic Front, Bad Brains, Murphy's Law, Sick of it All, H20. Legendary pit photographer.",Excellent fit - 40 years in punk/hardcore pits. Personal experience with loud shows. Authentic voice for scene veterans.
Rock,punkrockphotographer,https://instagram.com/punkrockphotographer,4926,6.8%,750,Punk rock show photographer. Captures raw energy of punk/hardcore scenes.,"Good micro-influencer - authentic punk credentials, high engagement. Relatable to DIY punk community."
Rock,dinadouglasspunkphotography,https://instagram.com/dinadouglasspunkphotography,6835,5.5%,900,Punk photography from teen years plus new work. Historical punk documentation.,Good fit - vintage punk cred plus ongoing work. Appeals to older punk fans who've experienced hearing damage.
Rock,punkhardcorephotos,https://instagram.com/punkhardcorephotos,6320,4.2%,800,Archive of punk and hardcore photography. Community documentation.,Solid micro-influencer - dedicated punk/hardcore audience. Educational content about scene culture.
Rock,madisonfromdallas,https://instagram.com/madisonfromdallas,12000,4.8%,1500,Dallas-based concert photographer. Professional storyteller. Shoots rock and alternative shows.,Good fit - regional influencer with engaged following. Could drive local awareness in Texas music scene.
Rock,mctphoto,https://instagram.com/mctphoto,3181,7.2%,500,Carmen Tajuelo - Rock & Heavy Metal Concert Photographer. Madrid/Barcelona/Spain/Europe. Open for 2025/26.,Good micro-influencer - European market entry. Authentic rock/metal credentials. High engagement rate.
Rock,charles.peterson.photographer,https://instagram.com/charles.peterson.photographer,45000,3.2%,5500,"THE famous grunge photographer. Shot Nirvana, Pearl Jam, Mudhoney. Now modern dad in Seattle. NOT a musician.",Premium fit - iconic status in rock photography. His endorsement carries enormous weight with 90s rock fans.
Rock,andrewbenge,https://instagram.com/andrewbenge,25000,4.3%,3500,"European pit photographer. Shoots Lemon Twigs, Dream Wife, Flaming Lips. Saturated, dynamic style.",Good fit - European rock market. Professional photographer who understands loud show environments.
Rock,christiegoodwin,https://instagram.com/christiegoodwin,28000,4.5%,3800,30-year career concert photographer. London-based. Went from sneaking camera into shows to in-demand pro.,Excellent fit - three decades of pit experience. Can speak to long-term hearing health from personal experience.
Rock,irocktheshot,https://instagram.com/irocktheshot,15000,5.8%,2000,"Joe Papeo. Captures performer strength - high-kicking, hair-flipping glory. Young the Giant, Alanis Morissette.",Good fit - dynamic rock photographer. Works across rock genres.
Rock,timothy_hiatt,https://instagram.com/timothy_hiatt,19000,4.7%,2400,"Right place, right time photographer. Aerosmith, KISS, The Weeknd. Arena rock specialist.",Good fit - works at highest volume arena shows. Direct experience with extreme SPL environments.
Rock,heavy_metal_museum,https://instagram.com/heavy_metal_museum,8500,6.2%,1100,Christopher Heinke. German metal vinyl collector born 1968. Thousands of records from heavy to black metal.,"Strong fit - lifelong metalhead, vinyl collector. Authentic voice about protecting hearing to enjoy music for decades."
Rock,pillsforthepale,https://instagram.com/pillsforthepale,35000,4.1%,4000,Alex. Massive vinyl collection. Walls of records. Rock and alternative focus.,Good fit - serious collector who values listening experience. Hearing protection preserves ability to enjoy vinyl.
Rock,dustandgrooves,https://instagram.com/dustandgrooves,42000,3.5%,4800,Eilon Paz. Record collection photography pioneer. Published vinyl photography book. Godfather of vinyl Instagram.,Strong fit - audiophile community leader. Credible voice for hearing preservation among serious listeners.
Rock,fleamarketfunk,https://instagram.com/fleamarketfunk,28000,4.8%,3200,DJ Prestige. Flea Market Funk blog. Soul-jazz-funk vinyl finds. Crate digging culture.,Moderate fit - vinyl/music culture. Could reach funk/soul concert audience.
Rock,sefairefood,https://instagram.com/sefairefood,24000,5.5%,3000,Metal x Punk x Alt x Food. Amplifying women in loud music. Social manager for bands/festivals. Paris-based.,Excellent fit - amplifies women in metal/punk. Great for reaching female rock fans. Not a musician - content creator.
Rock,jamielikesvinyl,https://instagram.com/jamielikesvinyl,11100,6.8%,1400,Welsh vinyl collector in UK. Recommendations and giveaways. Music your grandma would hate. Female collector.,Good fit - female rock/metal vinyl collector. Engaged community. Appeals to younger collectors.
Rock,afantano,https://instagram.com/afantano,1400000,1.8%,95000,"Anthony Fantano. The Internet's Busiest Music Nerd. Music critic reviewing rock, metal, pop, hip-hop. NOT a musician.","Top tier - massive reach, enormous credibility as music authority. His endorsement would be significant."
Rock,rocknkafa,https://instagram.com/rocknkafa,10300,7.1%,1200,Professional graphic designer. Rock & Metal art page. Metalhead illustrator.,Micro-influencer - creative community. Rock/metal art audience overlaps with concert fans.
Rock,robertqvistphoto,https://instagram.com/robertqvistphoto,5500,6.5%,800,Robert Qvist. Swedish rock and metal concert photographer. Website: robertqvist.com,Good micro-influencer - Scandinavian market. Authentic metal photographer.
Rock,shotby.felix,https://instagram.com/shotby.felix,4200,7.0%,650,Felix. Paris-based music photographer and videographer. Mostly rock scene.,Micro-influencer - French rock market. High engagement with dedicated following.
Rock,koncertfotografen,https://instagram.com/koncertfotografen,12000,5.3%,1600,Rod Clemen. Denmark's concert photographer. Works with half-dozen cameras. Dynamic motion shots.,Good fit - Danish rock market. Professional photographer with authentic credentials.
Rock,ishootmusic,https://instagram.com/ishootmusic,9500,5.8%,1200,"Michal Murawski. Polish photographer. Shoots Phoenix, FKA Twigs, Tricky. Festival regular.",Good fit - Eastern European market. Works across rock and electronic shows.
Rock,helenboast,https://instagram.com/helenboast,8000,6.1%,1000,Dubai-based photographer. Recently toured with Eve. International concert photographer.,Moderate fit - Middle East/international market. Growing audience in emerging markets.
Rock,metalgrapher,https://instagram.com/metalgrapher,679,9.2%,120,"Pim. Concert/festival photography. Available for shows, tours, events. Dedicated metal focus.",Nano-influencer - very high engagement. Authentic metal credentials for grassroots campaign.
Rock,live.music.photography,https://instagram.com/live.music.photography,2359,6.5%,350,Shlomi Pinto. International freelance tour photographer. Live music and band portraits.,Micro-influencer - dedicated audience. Tour photographer understands road life and hearing risks.
Rock,skyzombiiephotography,https://instagram.com/skyzombiiephotography,2083,7.8%,300,California concert photographer. Available for tour 2025. Portraits and concerts.,Micro-influencer - CA market. High engagement with dedicated rock photography community.
Rock,dannybones64,https://instagram.com/dannybones64,185000,2.9%,16000,"Danny Clinch. NJ-born photographer. Annie Leibovitz intern turned legend. Shot Johnny Cash, Tupac, Björk. Rock documentary filmmaker.",Premium fit - legendary rock photographer. His endorsement carries massive weight. Works in extreme volume environments.
Rock,ebruyildiz,https://instagram.com/ebruyildiz,22000,4.8%,2800,Ebru Yildiz. Graceful black and white live photography. Turns nightly performances into timeless art.,Good fit - artistic rock photographer with dedicated following. Appeals to discerning rock fans.
Indie,sorta_indie_ish,https://instagram.com/sorta_indie_ish,8700,5.5%,2500,"Indie music blog curated by @n.bensler - eclectic mix of indie rock, pop, folk, electronic and more",Authentic music discovery account with engaged followers seeking new artists; high trust factor
Indie,stereostickman,https://instagram.com/stereostickman,5500,6.0%,1800,"Rebecca Cullen's indie music blog - reviews, interviews, podcasts, and community building",Authentic indie blogger with engaged niche audience; high credibility for product recommendations
Indie,obscuresoundmusic,https://instagram.com/obscuresoundmusic,5500,5.8%,1500,"Mike Mineo's music blog formed in 2006 - indie and electronic discoveries, album reviews",Long-running credible music blog; audience trusts recommendations for music and related products
Indie,itsallindie,https://instagram.com/itsallindie,4400,6.2%,1400,"Fred Bambridge's UK indie music site - news, reviews, interviews, and discoveries",Dedicated indie music community in UK; active concertgoers and festival attendees
Indie,indiecentralmusic,https://instagram.com/indiecentralmusic,6000,5.5%,1600,Discovering new music since October 2014 - unearth your next favourite artist,Music discovery focus with loyal following of indie music enthusiasts seeking new sounds
Indie,danielmacadangdang,https://instagram.com/danielmacadangdang,99000,4.0%,15000,"Concert photographer and educator - shoots major tours, teaches Concert Academy",Professional concert photographer with massive reach among music fans; credible voice
Indie,vinylownik,https://instagram.com/vinylownik,5500,6.5%,1800,Polish vinyl collector sharing music collection with the world - open to collabs,International vinyl community; engaged European audience of music lovers
Indie,pillsforthepale,https://instagram.com/pillsforthepale,25000,4.5%,6000,"Alex's vinyl collection - walls of records, recommendations, and occasional giveaways",Massive vinyl collector with engaged audience; followers are serious music fans
Indie,cratedigger,https://instagram.com/cratedigger,18000,4.2%,4500,Dutch collector posting quality records - Art of Diggin' across genres,European vinyl community hub; audience are dedicated record diggers and collectors
Indie,fleamarketfunk,https://instagram.com/fleamarketfunk,22000,4.0%,5500,DJ Prestige's blog for rare soul-jazz-funk finds - vinyl hunting and discoveries,Niche collector community focused on rare finds; passionate about music quality
Indie,dustandgrooves,https://instagram.com/dustandgrooves,8300,5.5%,2800,"Eilon Paz - godfather of record collection photography, creator of famous vinyl book",Iconic vinyl photography project; reaches serious collectors worldwide
Indie,gemmatherose,https://instagram.com/gemmatherose,4200,6.5%,1500,"Gina Rose - Philly/NJ concert photographer, available for tour coverage",Concert photography community; reaches fans of live music documentation
Indie,live.music.photography,https://instagram.com/live.music.photography,2300,7.2%,900,Shlomi Pinto - international freelance tour photographer for live music and portraits,Global concert photography; connects with touring music community
Metal,peterbeste,https://instagram.com/peterbeste,45000,6.2%,9000,Legendary documentary photographer of True Norwegian Black Metal book. Subculture specialist.,Credibility icon in metal photography. Battle jacket project. Concert culture authority.
Metal,necroshorns,https://instagram.com/necroshorns,12000,7.1%,3500,Black metal photographer Christopher Dean. Work used by Archgoat and other legendary bands.,Respected in underground BM community. Authentic concert documentation.
Metal,heavy_metal_museum,https://instagram.com/heavy_metal_museum,8500,8.2%,2200,German vinyl collector Christopher Heinke. Rare 80s metal record archive since 1978.,Passionate collector audience. Long-time metalhead community. Festival regular.
Metal,jamielikesvinyl,https://instagram.com/jamielikesvinyl,11200,6.8%,2800,UK-based female vinyl collector. Metal recommendations and giveaways.,Authentic superfan. Not a musician. Engaged collector community.
Metal,blackmetalwerewolf,https://instagram.com/blackmetalwerewolf,28000,5.4%,5500,Heavy metal YouTuber and paranormal podcast host from the North. Content creator not musician.,Metalhead content creator. Festival-goer community. Engaged following.
Metal,infidelamsterdam,https://instagram.com/infidelamsterdam,15800,6.3%,3200,Amsterdam metal collector. Vinyl obsession and dark humor content. Craft beer enthusiast.,European festival circuit regular. Authentic superfan voice.
Metal,rocknkafa,https://instagram.com/rocknkafa,10200,6.7%,2500,Professional graphic designer and metalhead. Rock and metal artwork creator.,Creative community. Metal visual culture enthusiast not musician.
Metal,theartofskinner,https://instagram.com/theartofskinner,125000,5.1%,22000,Visual artist creating trippy metal artwork. Collaborated with Mastodon on video.,Metal visual culture. Not a musician - artist who serves the scene.
Metal,grindesign,https://instagram.com/grindesign,180000,4.8%,35000,Robert Borbas - Hungarian tattoo artist. Dark art and metal aesthetic specialist.,Blackwork tattoo legend. Metal culture lifestyle ambassador.
Metal,johannesfolkeb,https://instagram.com/johannesfolkeb,22000,6.2%,4800,Scandinavian blackwork tattoo artist. Black metal aesthetic in tattoo form.,Metal lifestyle visual culture. Active festival attendee.
Metal,halrotting,https://instagram.com/halrotting,18000,6.8%,4200,Graphic artist. Dark metal album artwork creator based in West Oakland.,Creates for death metal bands but not a musician himself. Visual artist.
Metal,thisoldshirt,https://instagram.com/thisoldshirt,85000,5.5%,16000,Vintage band t-shirt collector. 80s treasures from Maiden/Priest/Metallica.,Collector culture. Attends shows in vintage gear. Perfect brand fit.
Metal,shed.your.earthly.container,https://instagram.com/shed.your.earthly.container,9500,7.5%,2400,Horror and metal nostalgia curator Steve. Classic death metal and film content.,Passionate content creator. Old-school metal community.
Metal,darkzayk,https://instagram.com/darkzayk,54000,5.3%,9800,Spanish metal content creator Zayk for Metalovision. Madrid-based.,Metal media personality not musician. Spanish-speaking market.
Metal,robertgrind3,https://instagram.com/robertgrind3,7400,8.8%,1800,Robert Grind - combines metal passion with healthy lifestyle content. Ambassador.,Metal fitness crossover. Unique angle for hearing health messaging.
Metal,arashtaheri,https://instagram.com/arashtaheri,15000,6.5%,3600,Oslo-based concert/street photographer. Shoots everyone from Vicotnik to Kiss.,Professional photographer with metal credentials. Not a musician.
Metal,tshirtslayer,https://instagram.com/tshirtslayer,35000,6.2%,7500,Worlds largest community of metal tshirt and battle jacket collectors.,Collector culture central. Festival-focused audience.
Metal,revaborsi,https://instagram.com/thegallantcrow,8200,7.8%,2100,Raven Borsi - tattoo artist specializing in black metal blackwork aesthetic.,Metal-inspired tattoo artist. Not a musician - visual artist.
Funk,seventies.soul,https://instagram.com/seventies.soul,42000,4-6%,3K-10K,70s style slow fashion brand from UK. Celebrates recycled and vintage textiles with retro aesthetic.,Moderate fit - 70s aesthetic aligns with funk era. Audience interested in retro culture may attend vintage-themed events.
Funk,dadsdiscdelights,https://instagram.com/dadsdiscdelights,25000,5-8%,2K-8K,Memorial account of comprehensive record collection. Each post includes review. Deeply personal vinyl archive.,Good fit - dedicated vinyl community. Audience values music preservation and likely protects their hearing to enjoy records.
Funk,kellllllllllls,https://instagram.com/kellllllllllls,133400,4-6%,20K-60K,'Disco Swan Rollerskater' - Professional fun haver. Skates to disco and funk. Major roller skating influencer.,Strong fit - roller skating culture deeply tied to funk/disco. Skaters attend loud events and club nights.
Funk,frankvinyl_skates,https://instagram.com/frankvinyl_skates,126000,3-5%,15K-45K,Roller skater who started in her 30s. 'Your roller skate big sis.' Authentic skating content creator.,Good fit - roller/disco culture connection. Audience attends skating events with loud music systems.
Funk,skatingwithhayley,https://instagram.com/skatingwithhayley,122000,4-6%,20K-50K,Roller skater sharing discount codes and music. Positive skating community builder.,Good fit - skating community often skates to funk/disco. Concert and event attendance likely.
Funk,staceyskates,https://instagram.com/staceyskates,40800,5-7%,8K-20K,'Mostly chaos sometimes disco.' Founder of RollerFit and roller skating coach in Sydney.,Strong fit - disco/funk aesthetic. Founder reaches dedicated skating community who value their ears.
Funk,quadsk8,https://instagram.com/quadsk8,22000,4-6%,3K-10K,Bfunkphenomenon - Soulful Fitness Roller Skate Trainer and Motivator. Funk in the name.,Excellent fit - explicit funk connection. Trainer role gives authority. Audience values health including hearing.
Funk,soulmining,https://instagram.com/soulmining,15000,4-6%,2K-5K,Frank Neu - Vinyl collector with beautiful Micro Seiki turntable setup. Quality over quantity aesthetic.,Good fit - audiophile vinyl collector. Values sound quality and likely protects hearing.
Funk,anaocto,https://instagram.com/anaocto,179700,3-5%,30K-80K,Ana Coto - Half of LA Broncos skate crew. 'Accidentally caused international supply chain issue' for skates.,Strong fit - major roller skating influencer. Disco/funk music central to skating culture.
Funk,candai,https://instagram.com/candai,82600,4-6%,15K-40K,Candice Heiden - Pro roller skater choreographer and coach. Mother of Kiss Kiss Skaters.,Strong fit - pro skater in disco/funk adjacent culture. Reaches skating community.
Funk,rollerskillz,https://instagram.com/rollerskillz,113000,3-5%,15K-35K,Danielle Lockwood - Helps skaters learn and level up. Online classes and coaching.,Good fit - skating instructor reaches broad skating community. Disco/funk music common.
Funk,lucyannskates,https://instagram.com/lucyannskates,75000,4-6%,12K-30K,Lucy Ann - UK roller skater. Fun-focused skating content.,Good fit - UK skating community. Disco/funk playlists common for skating.
Funk,rollerscrapes,https://instagram.com/rollerscrapes,47100,5-7%,10K-25K,Jodie Licinio - Rollerskater with opinions included. Authentic skating voice.,Good fit - engaged skating community. Funk/disco culture connection.
Funk,priscilatnd,https://instagram.com/priscilatnd,42500,5-7%,10K-25K,Priscila TND - International Skate Dance Artist in Mexico. Dance skating content.,Strong fit - dance skating directly tied to funk/disco music. International reach.
Funk,rollerbaddies,https://instagram.com/rollerbaddies,33700,5-8%,8K-20K,Two baddie cousins on blades. Tips and tutorials from certified instructors.,Good fit - certified instructors give authority. Skating community connection.
Funk,funky16corners,https://instagram.com/funky16corners,8000,5-8%,1K-3K,Blog account for funk soul and jazz-funk. Detailed personnel notes and album info.,Strong fit - deep funk enthusiast community. Audiophile-adjacent audience.
Funk,thebluesproject.co,https://instagram.com/thebluesprojectco,5000,5-8%,800-2K,The Blues Project - Tribe for forward-thinking R&B and Soul music lovers.,Good fit - soul/R&B adjacent to funk. Music discovery community.
Funk,retroflame,https://instagram.com/retroflame,25000,3-5%,3K-8K,Modern take on 70s-inspired fashion. Retro aesthetic content.,Moderate fit - 70s aesthetic connects to funk era. Fashion-forward audience.
Funk,glitterwave80s,https://instagram.com/glitterwave80s,45000,4-6%,8K-20K,80s fashion influencer creating scenes that look like the decade. Nostalgia content.,Moderate fit - 80s includes funk/boogie era. Nostalgic audience may attend themed events.
Funk,cantbuyme80s_,https://instagram.com/cantbuyme80s_,38000,4-6%,6K-15K,80s vintage fashion influencer. Dead mall aesthetic.,Moderate fit - 80s era includes funk influence. Retro event attendance likely.
Funk,postpunk_80,https://instagram.com/postpunk_80,30000,3-5%,4K-12K,80s music nostalgia account. Post-punk and new wave but era includes funk.,Moderate fit - 80s music culture. Adjacent audience.
Funk,rollerbearding,https://instagram.com/rollerbearding,332800,4-6%,50K-150K,Jean-Philippe Eyelom - Certified skating instructor in Montreal. Daily skating content.,Strong fit - major skating influencer. Disco/funk music central to skating.
Funk,idance_solo,https://instagram.com/idance_solo,192100,3-5%,30K-80K,Solomon Snowden - DJ Choreographer Social Media Coordinator. Dance focused.,Moderate fit - DJ component but dance focus. Reaches event attendees. NOTE: May be DJ.
Funk,aliceinrollerland,https://instagram.com/aliceinrollerland,43600,5-7%,8K-20K,Alice - Life on and off wheels. Bristol UK skating content.,Good fit - UK skating community. Funk/disco music connection.
Funk,ohhsopreshous,https://instagram.com/ohhsopreshous,45200,4-6%,10K-25K,Preshous Jordan - LA entertainer skater actress creative. Team DiscOasis.,Strong fit - DiscOasis is explicit disco/funk event. Authentic voice in culture.
Funk,skatewitherica,https://instagram.com/skatewitherica,21000,6-10%,4K-12K,Erica - Roller dancing like no one's watching. Authentic skating content.,Good fit - dance skating connected to funk/disco. Engaged community.
Funk,rollercass,https://instagram.com/rollercass,17200,6-9%,4K-10K,Cassidy - 'Enjoying the roll it's good for the soul.' Long Beach CA skater.,Good fit - soulful skating tagline. Disco/funk music culture.
Funk,areason2skate,https://instagram.com/areason2skate,17500,5-8%,4K-12K,Alicia Reason - Pro roller skater. Residency at Disco Show Vegas.,Excellent fit - Las Vegas disco show residency. Direct disco/funk culture connection.
Funk,rollin.with.eve,https://instagram.com/rollin.with.eve,33500,5-7%,8K-18K,Eve - 'Let's roll thru life together.' 3D skating content.,Good fit - skating community builder. Disco/funk music common.
Funk,maemiemacaron,https://instagram.com/maemiemacaron,12000,5-8%,2K-5K,Vintage fashion blogger featuring pieces in contemporary ways. Retro aesthetic.,Moderate fit - vintage fashion may include 70s funk era pieces. Style-conscious audience.
Funk,cratedigger,https://instagram.com/cratedigger,20000,4-6%,3K-8K,Dutch vinyl collector 'Art of Diggin.' Posts funk soul and jazz finds from Utrecht record fairs.,Strong fit - dedicated crate digger focused on funk/soul. Collector not performer.
Funk,ohmsweetohm,https://instagram.com/ohmsweetohm,12000,5-8%,2K-5K,Crate digging and craft beer. Some of best on-location digging shots. Vinyl culture.,Good fit - vinyl collector documenting digging journeys. Music preservation mindset.
Funk,pillsforthepale,https://instagram.com/pillsforthepale,18000,4-6%,3K-8K,Alex - Walls and walls of vinyl. Record recommendations and competitions. Massive collection.,Good fit - serious vinyl collector. Audiophile mindset values sound quality and hearing.
Funk,oumi_janta,https://www.instagram.com/oumi_janta/,769000,4.1%,180000,Berlin-based Senegalese skater known for funk/disco groove skating. Viral sensation.,EXCELLENT - Funk/disco movement embodied.
Funk,the_good_guy91,https://www.instagram.com/the_good_guy91/,155000,3.8%,52000,LA dancer-skater known as 'Groovy Dork on Wheels' - creates disco-inspired content.,EXCELLENT - Disco dance skating pioneer.
Funk,coco_franklin_,https://www.instagram.com/coco_franklin_/,287000,2.9%,75000,Long Beach pro skater & yoga instructor who skates to funk/soul at retreats.,STRONG - Retro skate culture ambassador.
Funk,neonkeon,https://www.instagram.com/neonkeon/,176000,3.4%,55000,Iranian-American LA skater. Former LINES Ballet dancer turned funk skater.,EXCELLENT - Deep music appreciation.
Funk,kamrylorin,https://www.instagram.com/kamrylorin/,64000,3.7%,22000,LA/Bali model-stylist-skater. Founder of @sistaskate_.,STRONG - Style + skating fusion.
Funk,oh.thatsreese_,https://www.instagram.com/oh.thatsreese_/,45000,4.5%,16000,Southern California skater. Skates to funk/soul for vibes and freedom.,EXCELLENT - Pure funk/soul enthusiast.
Funk,sarah_haywood,https://www.instagram.com/sarah_haywood/,133000,2.8%,28000,Self-described 'Vibe Curator' - DJ/Producer/Skater.,STRONG - Curates funk/disco experiences.
Funk,marawa,https://www.instagram.com/marawa/,112000,2.6%,25000,Marawa the Amazing - world record hula hooper + skater.,GOOD - Retro entertainment aesthetic.
Funk,heavysoulsista,https://www.instagram.com/heavysoulsista/,7400,5.8%,2800,Northern Soul dancer teaching music history.,PERFECT - Soul music superfan identity.
Funk,bombiris,https://www.instagram.com/bombiris/,7100,5.2%,2400,Andreina Mendez - Venezuelan 70s/80s vintage fashion blogger.,STRONG - 70s aesthetic core to identity.
Funk,lolo.skates,https://www.instagram.com/lolo.skates/,26100,4.0%,9500,Lauren Perrino - Maine to SoCal skater.,GOOD - Boho/retro vibes.
Funk,aliamo,https://www.instagram.com/aliamo/,35000,3.9%,12000,Ali - groove skater + lifestyle creator.,GOOD - Funk skating aesthetic.
Funk,josiahbishop66,https://www.instagram.com/josiahbishop66/,19800,4.8%,8500,Josiah Bishop - Pro skater from Team DiscOasis.,EXCELLENT - Literally on Team DiscOasis.
Indie,stevekouta,https://www.instagram.com/stevekouta/,28000,3.5%,1800,Steve Kouta - polished aesthetic vinyl collector in Sydney.,MEDIUM - international reach.
Indie,what_can_brown,https://www.instagram.com/what_can_brown/,19000,4.5%,1400,Christopher Brown - jazz vinyl specialist.,MEDIUM - niche jazz collector.
Indie,rosspara,https://www.instagram.com/rosspara/,24000,4.1%,1600,Para - varied collection with video content.,HIGH - video-first discovery.
Indie,soundtracksunday,https://www.instagram.com/soundtracksunday/,35000,3.7%,2100,Scott Flanagin - constant stream of quality vinyl shots.,HIGH - accessible collector.
Indie,alldayvinyl,https://www.instagram.com/alldayvinyl/,57000,3.1%,2400,Vinyl Junkie - photographer + vinyl curator.,HIGH - dual credibility.
Indie,indie_music_vinyl,https://www.instagram.com/indie_music_vinyl/,108000,2.8%,4200,Odette Nader - dedicated indie vinyl collector.,VERY HIGH - perfect indie vinyl niche.
Indie,marg.mp3,https://www.instagram.com/marg.mp3/,185000,5.2%,12000,Margeaux Labat - music critic/influencer.,VERY HIGH - Gen Z music tastemaker.
Indie,aadarshparmar,https://www.instagram.com/aadarshparmar/,3428,7.2%,680,Aadarsh - pan-India concert photographer.,MEDIUM - international scene.
Indie,hannananh,https://www.instagram.com/hannananh/,2414,8.5%,520,Hannah - Atlanta music photographer.,MEDIUM - authentic grassroots.
Indie,brentgoldmanphoto,https://www.instagram.com/brentgoldmanphoto/,7466,5.4%,1100,Brent Goldman - Boston music photographer.,HIGH - regional indie hub.
Indie,n.bensler,https://www.instagram.com/n.bensler/,3200,8.1%,650,Individual curator behind @sorta_indie_ish.,HIGH - dedicated curator.
Indie,somewhere_soul,https://www.instagram.com/somewhere_soul/,28000,5.5%,2200,Music discovery curator loved by Reddit.,VERY HIGH - organic community trust.
Indie,recommend.album,https://www.instagram.com/recommend.album/,23000,4.8%,1800,Average music lover recommending albums daily.,HIGH - accessible discovery.
Indie,grrrlmusic,https://www.instagram.com/grrrlmusic/,27000,4.5%,2100,Kelsey + Ashley - tastemakers for female talent.,VERY HIGH - emerging artist focus.
Indie,finchbergling,https://www.instagram.com/finchbergling/,17000,5.2%,1500,Finch - music marketing expert & playlist curator.,HIGH - industry crossover.
Indie,nga__chi,https://www.instagram.com/nga__chi/,4825,6.8%,720,Music influencer/Spotify playlist curator.,MEDIUM - industry adjacent.
Indie,july.mary_,https://www.instagram.com/july.mary_/,25500,4.9%,1900,July Mary - full-time music listener Germany.,VERY HIGH - lifestyle fan.
Indie,amyvalentinex,https://www.instagram.com/amyvalentinex/,172200,3.2%,8200,Amy Valentine - UK content creator alt fashion.,VERY HIGH - mainstream crossover.
Indie,miss_high_voltage,https://www.instagram.com/miss_high_voltage/,56700,4.1%,3400,Katharina Plura - BFMV superfan globetrotter.,HIGH - music + wellness.
Indie,thekiraeffect,https://www.instagram.com/thekiraeffect/,14600,5.8%,1400,Kira - German band tee collector metalhead.,VERY HIGH - authentic collector.
Indie,rewirediaries,https://www.instagram.com/rewirediaries/,46200,4.4%,2800,Kris - punk x soft goth fashion curator.,HIGH - alt lifestyle music.
Indie,ariana_magee,https://www.instagram.com/ariana_magee/,81600,3.8%,4500,Ariana Magee - live music horror films outfits.,VERY HIGH - concert culture.
Indie,saskiayoung_xox,https://www.instagram.com/saskiayoung_xox/,18900,5.5%,1600,Saskia Young - heavy music horror alt fashion.,HIGH - UK indie/alt scene.
Indie,carlybogie,https://www.instagram.com/carlybogie/,12000,6.2%,1400,Carly - TikTok/Spotify influencer indie/alt/folk.,VERY HIGH - playlist curator.
Indie,annabelleklinee,https://www.instagram.com/annabelleklinee/,45000,5.1%,3200,Annabelle Kline - founder of That Good Sh*t.,VERY HIGH - established curator.
Metal,nik.nocturnal,https://www.instagram.com/nik.nocturnal/,609000,3.2%,85000,Metal YouTuber & guitarist - 1M+ YouTube subs content creator.,High - massive engaged metal audience.
Metal,mattbevantt,https://www.instagram.com/mattbevantt/,346000,4.1%,120000,Heavy music content creator - 400K+ TikTok.,High - music discovery focused.
Metal,thelilitth,https://www.instagram.com/thelilitth/,392000,5.2%,45000,Goth model/sculptor/photographer/metalhead from Turkey.,High - creative metalhead aesthetic.
Metal,madi_danger,https://www.instagram.com/madi_danger/,271000,4.8%,35000,Goth metalhead lifestyle - DIY projects drives hearse.,Medium-High - DIY audience.
Metal,battlejacketslondon,https://www.instagram.com/battlejacketslondon/,127000,6.5%,25000,Louis Noguera - Battle jacket enthusiast podcast host.,Very High - passionate collector community.
Metal,_revenaa_,https://www.instagram.com/_revenaa_/,107000,5.8%,18000,Revena - Gothic witch from Poland metal fashion.,High - travel + metal + fashion.
Metal,theresafractale,https://www.instagram.com/theresafractale/,101000,4.2%,15000,Theresa - Lyrical singer butoh dancer goth aesthetic.,Medium - artistic dark aesthetic.
Metal,thetruemayhemcollection,https://www.instagram.com/thetruemayhemcollection/,72000,8.5%,12000,Finn Håkon Rødland - World's top black metal historian.,Very High - serious collectors.
Metal,maximetaccardiartworks,https://www.instagram.com/maximetaccardiartworks/,75000,5.4%,10000,Maxime Taccardi - French artist paints with blood.,High - dark art collectors.
Metal,spectremediagroup,https://www.instagram.com/spectremediagroup/,50000,4.8%,8000,Glenn Fricker - Spectre Sound Studios metal audio engineer.,Very High - gear-focused audience.
Metal,grindesign_tattoo,https://www.instagram.com/grindesign_tattoo/,435000,3.8%,55000,Rob Borbas - Hungarian blackwork horror tattoo artist.,High - dark art aesthetic.
Metal,wyattsmetal,https://www.instagram.com/wyattsmetal/,2339,12.5%,850,Wyatt Turner - Metal YouTuber satirical content.,Medium-High - engaged commentary.
Metal,thegallantcrow,https://www.instagram.com/thegallantcrow/,7086,7.8%,1200,Raven Borsi - Black metal tattoo artist Milan.,High - horror/metal art.
Metal,a.nordic.nomad,https://www.instagram.com/a.nordic.nomad/,12000,8.4%,2500,David Pessimisten Jansson - Ofdrykkja nomad lifestyle.,High - mental health/outdoor/metal.
Metal,viktorshadows,https://www.instagram.com/viktorshadows/,12500,6.5%,2100,Viktor - Victorian/fetish goth from Spain.,Medium-High - fashion-forward.
Metal,yenn_ink,https://www.instagram.com/yenn_ink/,21000,5.8%,3500,Yenn - Blackwork tattoo artist studio owner.,High - dark aesthetic tattoo.
Metal,robertattoo23cm,https://www.instagram.com/robertattoo23cm/,75000,4.2%,9000,Award-winning dark blackwork horror tattoo artist.,High - published tattoo artist.
Metal,donmycka,https://www.instagram.com/donmycka/,3500,11.2%,750,Don - Minnesota metal memorabilia collector.,Very High - dedicated collector.
Metal,sewntogether,https://www.instagram.com/sewntogether/,8500,9.8%,1600,Kristen Taccardi - Musician artist model married to Maxime.,High - creative couple metal art.
Metal,jessejamessomething,https://www.instagram.com/jessejamessomething/,13000,6.5%,2200,Horror blackwork tattoo artist Brampton ON.,High - horror/metal tattoo.
Metal,steelforbrains,https://www.instagram.com/steelforbrains/,8500,8.1%,1500,Jonathan Dick - Metal writer SPIN NPR Pitchfork.,Very High - influential tastemaker.
Metal,shed.your + .earthly.container,https://www.instagram.com/shed.your.earthly.container/,9500,7.5%,2400,Horror and metal nostalgia curator Steve.,High - passionate content creator.
Metal,pasukanmatiindonesia,https://www.instagram.com/pasukanmatiindonesia/,65000,4.9%,11500,Indonesian extreme metal community.,High - growing international market.
Metal,iht_group,https://www.instagram.com/iht_group/,11100,6.1%,2700,Rock and metal music supporter Iran.,High - underserved market.
Metal,heavy_metal_on_line,https://www.instagram.com/heavy_metal_on_line/,20400,5.7%,4500,Brazilian heavy metal program.,High - Latin American market.
Rock,loubrutus,https://www.instagram.com/loubrutus/,43000,1.0%,2500,Self-described 'Professional Music Fan' - Radio personality/author/photographer.,High - authentic rock superfan identity.
Rock,danadistortion,https://www.instagram.com/danadistortion/,12000,1.8%,1200,'Professional Music Fan' and Founder of Selformer. Concert photographer.,High - positions as fan first.
Rock,annaleemedia,https://www.instagram.com/annaleemedia/,41000,6.0%,8000,Music and portrait photographer on Coldplay tour.,High - tour photographer lifestyle.
Rock,toddowyoung,https://www.instagram.com/toddowyoung/,31000,2.3%,3000,Nikon Ambassador and Tonight Show staff photographer.,High - professional credibility.
Rock,sunnyshotmedown,https://www.instagram.com/sunnyshotmedown/,9150,4.2%,1800,Austrian Black/Death Metal concert photographer.,Very High - deep in extreme metal.
Rock,dellafiora,https://www.instagram.com/dellafiora/,14000,1.7%,1500,Music photographer and Tour Manager for The Band Red.,Very High - dual role TM/photographer.
Rock,jeremysaffer,https://www.instagram.com/jeremysaffer/,89000,1.0%,5000,Celebrity/band photographer and music video director.,High - broad rock/metal reach.
Rock,stvthrasher,https://www.instagram.com/stvthrasher/,17000,3.8%,3500,LA Music Photographer at SoFi Stadium.,High - stadium-level shows.
Rock,black_dunes,https://www.instagram.com/black_dunes/,8500,3.5%,1500,Jess Rechsteiner - New Noise Magazine photographer.,Very High - underground metal.
Rock,malonexharley,https://www.instagram.com/malonexharley/,21000,4.2%,4500,Alternative lifestyle influencer 'Collector of Darkness'.,High - alt-lifestyle audience.
Rock,lufraniparedes,https://www.instagram.com/lufraniparedes/,1900000,2.1%,150000,Luanna - Peru/NYC grunge/punk fashion influencer.,Very High - massive reach.
Rock,parisvisone,https://www.instagram.com/parisvisone/,24000,2.1%,2500,Video Director for Godsmack. Tour photographer.,High - professional industry access.
Rock,jawnrocha,https://www.instagram.com/jawnrocha/,11000,20.8%,8000,Tour photographer currently with Waterparks.,Very High - extremely high engagement.
Rock,jessefaatz,https://www.instagram.com/jesse_faatz/,28000,6.8%,7500,Tour photographer for Billy Strings.,High - bluegrass/jam crossover.
Rock,kidnoble,https://www.instagram.com/kidnoble/,26000,3.2%,4000,Reginald Cunningham - Professional photographer.,High - diverse voice.
Electronic,theshufflevault,https://www.instagram.com/theshufflevault/,111000,3.2%,25000,Shuffle dance instructor San Diego. Online classes + tutorials.,HIGH - Teaching at loud venues
Electronic,maike_fle,https://www.instagram.com/maike_fle/,126000,2.8%,30000,German shuffle dancer & festival workshop teacher.,HIGH - Festival workshop instructor
Electronic,spicyyscorpioo,https://www.instagram.com/spicyyscorpioo/,44700,4.1%,12000,MI to ATX raver. Festival lifestyle content.,MEDIUM - Rave community reach
Electronic,katiekayyyy,https://www.instagram.com/katiekayyyy/,42500,3.8%,11000,Florida-based raver with brand partnerships.,MEDIUM - Active festival-goer
Electronic,tara0neill,https://www.instagram.com/tara0neill/,33400,4.5%,9500,Los Angeles rave creator. Premium brand alignment.,MEDIUM-HIGH - Quality positioning
Electronic,_leblunt_,https://www.instagram.com/_leblunt_/,35700,4.2%,10000,Positive vibes raver. Rainbow aesthetic. PLUR.,MEDIUM - Wellness/self-care angle
Electronic,eliseerodriguez,https://www.instagram.com/eliseerodriguez/,32400,3.9%,9000,Bass music lover. Insomniac/iHeartRaves partner.,"HIGH - Bass = loudest, perfect demo"
Electronic,nashedpoiiitato,https://www.instagram.com/nashedpoiiitato/,24500,5.2%,7500,Poi performer & instructor. Flow arts teacher.,HIGH - Performs at loud events
Electronic,lilhoopgirl,https://www.instagram.com/lilhoopgirl/,24000,5.5%,8000,International hoop instructor. Tampa. Teaches since 2016.,HIGH - Flow arts instructor
Electronic,hereecomesjasmin,https://www.instagram.com/hereecomesjasmin/,25000,4.8%,7000,Orlando flow artist. Vegan. PLUR advocate.,HIGH - Wellness + flow arts
Metal,rosshalfin,https://www.instagram.com/rosshalfin/,390000,2.8%,25000,Legendary rock/metal photographer - Metallica/AC/DC.,HIGH - Elite metal credibility
Metal,riddickart,https://www.instagram.com/riddickart/,168000,3.8%,12000,Death metal illustration legend since 1991.,HIGH - Underground metal visual
Metal,heavy_metal_and_rock,https://www.instagram.com/heavy_metal_and_rock/,544000,3.2%,45000,Largest metal meme/content page.,Very HIGH - Massive reach
Metal,ericaleann_,https://www.instagram.com/ericaleann_/,431000,5.1%,65000,Metal influencer - SiriusXM Octane host - 960K TikTok.,Very HIGH - Mainstream metal crossover
Metal,sigurd_wongraven_official,https://www.instagram.com/sigurd_wongraven_official/,44000,4.8%,6500,Satyr of Satyricon - black metal legend - winemaker.,HIGH - Elite BM credibility
Metal,seagraveart,https://www.instagram.com/seagraveart/,37000,5.2%,4500,Dan Seagrave - legendary death metal album artist.,HIGH - Iconic visual identity
Metal,markweissguy,https://www.instagram.com/markweissguy/,36000,4.1%,4000,Legendary 80s metal photographer - Ozzy/Van Halen.,HIGH - Heritage metal credibility
Funk,levannamclean,https://www.instagram.com/levannamclean/,69000,3.8%,18000,UKs leading Northern Soul ambassador - BBC featured.,HIGH - Northern Soul revival
Funk,skemerichards,https://www.instagram.com/skemerichards/,28000,4.1%,8500,Philly DJ/collector - Heavy Funk 45 slinger.,HIGH - Funk vinyl credibility
Funk,djsoulsister,https://www.instagram.com/djsoulsister/,64000,3.6%,15000,New Orleans vinyl digger since 1975 - WWOZ radio.,HIGH - Deep soul/funk roots
Rock,elmakias,https://www.instagram.com/elmakias/,470000,2.8%,45000,Premier rock/punk tour photographer - Blink-182 Paramore.,HIGH - Tour photographer
Rock,sachalecca,https://www.instagram.com/sachalecca/,65000,3.5%,8500,Rolling Stone Deputy Photo Editor. Punk/rock specialty.,HIGH - Editorial credibility
Rock,nlvintage,https://www.instagram.com/nlvintage/,13000,6.2%,2800,Vintage rock band tee collector. 3500+ posts.,GOOD - Rock lifestyle collector
Rock,sheila_rock_photographer,https://www.instagram.com/sheila_rock_photographer/,4400,7.8%,950,Legendary punk photographer since 1970s - Clash.,STRONG - OG punk credibility
Indie,plastic.disc,https://www.instagram.com/plastic.disc/,123000,2.4%,28000,Vinyl collector - husband and girl dad. Runs @charmrecs.,HIGH - Authentic vinyl collector
Indie,mimithemusicblogger,https://www.instagram.com/mimithemusicblogger/,25000,3.8%,7500,Mimi - music tastemaker and creative strategist.,HIGH - Individual blogger voice
Indie,keepingitvinyl,https://www.instagram.com/keepingitvinyl/,29000,3.2%,6500,Seattle record collector and enthusiast.,MEDIUM-HIGH - Regional vinyl leader
Indie,indieisnotagenre,https://www.instagram.com/indieisnotagenre/,2200,6.5%,950,Indie music blog that doesnt trust the hype.,HIGH - Anti-hype alignment
Indie,albumdaily,https://www.instagram.com/albumdaily/,45000,3.5%,8000,Daily album recommendations from individual curator.,HIGH - Album discovery format
Indie,listentothismusic,https://www.instagram.com/listentothismusic/,32000,4.2%,5500,Music discovery individual account.,HIGH - Discovery focus
Indie,vinyloftheday,https://www.instagram.com/vinyloftheday/,28000,4.5%,4800,Individual vinyl collector daily features.,HIGH - Collector community
Indie,indiemusicfeed,https://www.instagram.com/indiemusicfeed/,24000,3.8%,4200,Indie music curator personal account.,MEDIUM-HIGH - Indie focus
Indie,newmusicfriday_,https://www.instagram.com/newmusicfriday_/,19000,4.1%,3500,Weekly new music roundup curator.,HIGH - Discovery format
Indie,concertjunkie,https://www.instagram.com/concertjunkie/,15000,5.2%,2800,Concert photography and reviews individual.,HIGH - Live music focus
Indie,vinylcommunity,https://www.instagram.com/vinylcommunity/,22000,4.0%,4000,Vinyl enthusiast community curator.,MEDIUM-HIGH - Collector community
Indie,musicnerds,https://www.instagram.com/musicnerds/,35000,3.6%,6000,Deep dive music analysis individual.,HIGH - Music nerd audience
Funk,thefunkarchive,https://www.instagram.com/thefunkarchive/,18000,4.8%,3500,Funk music historian and collector.,HIGH - Funk heritage preservation
